ID,Name,Birthday,Age,Gender,address
734ae2b8-fff9-40eb-94c5-c5773d66975d,차자현,2000-08-08,37,Female,전주광주시 송파구
9679b94c-61eb-4e61-b932-a6e8cc53904b,차바림,1975-06-23,59,Female,서귀포시 성북구
82dcdb90-dd32-44b2-b175-3f3bd0c99fd8,최다차,1971-06-03,54,Female,부산시 서대문구
dea3a290-f767-43dc-ad8a-1ec0a938b6c6,길아차,1989-12-06,58,Female,서울시 노원구
6862fd99-275c-402f-8508-55699bf74669,최나림,1982-10-26,61,Male,부천시 종로구
2b06ff35-9bd3-427b-b595-ba76971c4a28,길아현,1991-10-10,58,Female,인천시 은평구
cafe6bd5-7e67-48ae-a02f-e83e01a89e27,최아미,1977-09-06,59,Male,고양시 종로구
83fd9900-9597-441c-8f4c-39ae6dca6063,황마미,1973-10-04,20,Female,인천시 송파구
102f71ea-3fe0-4e07-8a23-4071075257c3,길다카,1979-09-12,18,Female,대구시 송파구
c7e612bb-770f-4d33-bac9-4616b21da874,황아미,1975-11-15,81,Male,고양시 강남구
